Title,ID,Owner,Created Date,Updated Date,Content,PublicationDate,Abstract,Link,ResearchPapers (All)
Injectable and Tunable Poly(ethylene glycol)-Analogue Hydrogels Based on Poly(oligoethylene glycol methacrylate),8d22bfd9-2597-4127-8545-68b538a40611,0a435d40-dcd6-488d-b11f-5d28575ea5b0,2020-07-28T20:11:08Z,2020-08-05T16:44:29Z,"Smeets, N.M.B.; Bakaic, E.; Patenaude, M.; Hoare, T.  “Injectable and Tunable Poly(ethylene glycol)-Analogue Hydrogels Based on Poly(oligoethylene glycol methacrylate)”.  Chemical Communications, 2014, 50, 3306-3309.",2014-03-28T04:00:00Z,wix:image://v1/0a435d_86873550968e40b9b8aae3a02f0f8010~mv2.png/8d22bfd9-2597-4127-8545-68b538a40611.png#originWidth=369&originHeight=189,https://pubs-rsc-org.libaccess.lib.mcmaster.ca/en/content/articlelanding/2014/CC/c3cc48514e#!divAbstract,/researchpapers/
Tuning Gelation Time and Morphology in Injectable Hydrogels Using Ketone-Hydrazide Cross-Linking,d12e6fa7-aabb-4f29-9cf8-ee73750c4624,0a435d40-dcd6-488d-b11f-5d28575ea5b0,2020-07-28T20:11:08Z,2020-08-05T16:19:28Z,"Patenaude, M.; Kinio, D.; Hoare, T.  “Tuning Gelation Time and Morphology in Injectable Hydrogels Using Ketone-Hydrazide Cross-Linking”.  Biomacromolecules, 2014, 15, 781-790.",2014-03-10T04:00:00Z,wix:image://v1/0a435d_4a38072a67504e26881a1a8ce536d6be~mv2.png/d12e6fa7-aabb-4f29-9cf8-ee73750c4624.png#originWidth=1000&originHeight=522,https://pubs-acs-org.libaccess.lib.mcmaster.ca/doi/full/10.1021/bm401615d,/researchpapers/
"Designing Injectable, Covalently Cross-Linked Hydrogels for Biomedical Applications",2c531215-b99c-44aa-9a7e-ca2a4b2d4a97,0a435d40-dcd6-488d-b11f-5d28575ea5b0,2020-07-28T20:11:08Z,2020-08-05T18:08:22Z,"Patenaude, M.; Smeets, N.M.B.; Hoare, T.  “Injectable, Covalently Cross-Linked Hydrogels for Biomedical Applications”. Macromolecular Rapid Communications, 2014, 35, 598-617. (Invited Review)",2014-01-29T05:00:00Z,wix:image://v1/0a435d_53cad286634c412f9e1959adf0802536~mv2.png/2c531215-b99c-44aa-9a7e-ca2a4b2d4a97.png#originWidth=433&originHeight=425,https://onlinelibrary-wiley-com.libaccess.lib.mcmaster.ca/doi/abs/10.1002/marc.201300818,/researchpapers/
Prevention of Peritoneal Adhesions Using Polymeric Rheological Blends,38540311-6406-41ab-8568-554e8067e873,0a435d40-dcd6-488d-b11f-5d28575ea5b0,2020-07-28T20:11:08Z,2020-08-05T16:45:50Z,"Hoare, T.; Yeo, Y.; Bellas, E.; Bruggeman, J.P.; Kohane, D.S.  “Prevention of Peritoneal Adhesions Using Polymeric Rheological Blends”.  Acta Biomaterialia, 2014, 10, 1187-1193.",2014-03-01T05:00:00Z,wix:image://v1/0a435d_4c065c0c4c464aaca4b77a277bd16172~mv2.png/38540311-6406-41ab-8568-554e8067e873.png#originWidth=965&originHeight=531,https://www.sciencedirect.com/science/article/abs/pii/S1742706113006314,/researchpapers/
Designing Multi-Responsive Smart Polymers Using Latent Variable Methods,73aa2d7a-38b0-4b22-8974-f7d8eccd58a0,0a435d40-dcd6-488d-b11f-5d28575ea5b0,2020-07-28T20:11:08Z,2020-08-05T16:38:44Z,"Tzoc Torres, J.M.G.; Nichols, E.M.; MacGregor, J.F.; Hoare, T.  “Designing Multi-Responsive Smart Polymers Using Latent Variable Methods”.  Polymer, 2014, 55, 505-516.",2014-01-30T05:00:00Z,wix:image://v1/0a435d_b640b3a35ce84e74823756f5d8dccf57~mv2.png/73aa2d7a-38b0-4b22-8974-f7d8eccd58a0.png#originWidth=356&originHeight=200,https://www.sciencedirect.com/science/article/abs/pii/S0032386113011415,/researchpapers/
Externally-Addressable Hydrogel-Nanocomposites for Biomedical Applications,bc6bd9d3-2736-49a8-87d6-fe8acdda547b,0a435d40-dcd6-488d-b11f-5d28575ea5b0,2020-07-28T20:11:08Z,2020-08-05T16:40:25Z,"Campbell, S.B.; Hoare, T. “Externally-Addressable Hydrogel-Nanocomposites for Biomedical Applications”.  Current Opinion in Chemical Engineering, 2014, 4C, 1-10.",2014-05-01T04:00:00Z,wix:image://v1/0a435d_8856ce19536240f49331e7f0b741eb11~mv2.png/bc6bd9d3-2736-49a8-87d6-fe8acdda547b.png#originWidth=500&originHeight=191,https://www.sciencedirect.com/science/article/abs/pii/S2211339813001196,/researchpapers/
Microgels and Nanogels for Drug Delivery,2e307130-1e00-4742-9540-693a8c64c1a1,0a435d40-dcd6-488d-b11f-5d28575ea5b0,2020-07-28T20:11:08Z,2020-08-05T14:55:07Z,"Book Chapter: 8.  Smeets, N.M.B.; Hoare, T.  “Microgels and Nanogels for Drug Delivery” in Controlled Release Systems: Advances in Nanobottles and Active Nanoparticles, J. Forcada, A. van Herk, and G. Pastorin, Editors. Pan Stanford Publishing, in press.",2016-01-05T05:00:00Z,wix:image://v1/0a435d_c68e03f2478b49f4b2cc78267bb79c35~mv2.png/2e307130-1e00-4742-9540-693a8c64c1a1.png#originWidth=881&originHeight=553,https://books.google.ca/books?id=TpbwCgAAQBAJ&dq=Microgels+and+Nanogels+for+Drug+Delivery%E2%80%9D+in+Controlled+Release+Systems:+Advances+in+Nanobottles+and+Active+Nanoparticles&lr=&source=gbs_navlinks_s,/researchpapers/
"Injectable Polysaccharide Hydrogels Reinforced with Cellulose Nanocrystals: Morphology, Rheology, Degradation, and Cytotoxicity",72db86da-a91b-4135-a0d7-6c7743c362fc,0a435d40-dcd6-488d-b11f-5d28575ea5b0,2020-07-28T20:11:08Z,2020-08-05T16:45:14Z,"Yang, X.; Bakaic, E.; Hoare, T.; Cranston, E.D.  “Injectable Polysaccharide Hydrogels Reinforced with Cellulose Nanocrystals: Morphology, Rheology, Degradation, and Cytotoxicity”.  Biomacromolecules, 2013, 14, 4447-4455.",2013-12-09T05:00:00Z,wix:image://v1/0a435d_53307aca833043118eb4b375fc253342~mv2.png/72db86da-a91b-4135-a0d7-6c7743c362fc.png#originWidth=1000&originHeight=555,https://pubs-acs-org.libaccess.lib.mcmaster.ca/doi/full/10.1021/bm401364z,/researchpapers/
Designing Responsive Microgels for Drug Delivery Applications,55fc6711-539e-48d2-9bea-84d9c527a3ed,0a435d40-dcd6-488d-b11f-5d28575ea5b0,2020-07-28T20:11:08Z,2020-08-05T14:58:56Z,"Smeets, N.M.B.; Hoare, T.  “Designing Responsive Microgels for Drug Delivery Applications”.  Journal of Polymer Science A, 2013, 51, 3027-3043.",2013-04-23T04:00:00Z,wix:image://v1/0a435d_38786fb8ae4748d2a3d8af73820d12a7~mv2.png/55fc6711-539e-48d2-9bea-84d9c527a3ed.png#originWidth=1063&originHeight=751,https://onlinelibrary.wiley.com/doi/full/10.1002/pola.26707,/researchpapers/
Injectable Superparamagnets:  Highly elastic and degradable poly(N-isopropylacrylamide)-magnetite nanoparticle composite hydrogels,28234456-1b84-4dfe-9bf1-e6697920c805,0a435d40-dcd6-488d-b11f-5d28575ea5b0,2020-07-28T20:11:08Z,2020-08-05T15:38:49Z,"Campbell, S.B.; Patenaude, M.; Hoare, T.  “Injectable Superparamagnets:  Highly elastic and degradable poly(N-isopropylacrylamide)-magnetite nanoparticle composite hydrogels”.  Biomacromolecules, 2013, 13, 644-653.",2013-03-11T04:00:00Z,wix:image://v1/0a435d_1cd7316fd2234dfa975ef449f79ba540~mv2.png/28234456-1b84-4dfe-9bf1-e6697920c805.png#originWidth=997&originHeight=562,https://pubs-acs-org.libaccess.lib.mcmaster.ca/doi/full/10.1021/bm301703x,/researchpapers/
Tuning Drug Release from Microgel-Hydrogel Nanocomposites via Cross-Linking,5d0ed7f0-1d4c-47af-b785-621c6a5b260d,0a435d40-dcd6-488d-b11f-5d28575ea5b0,2020-07-28T20:11:08Z,2020-08-05T15:00:45Z,"Sivakumaran, D.S.; Maitland, D.M.; Oszustowicz, T.; Hoare, T.  “Tuning Drug Release from Microgel-Hydrogel Nanocomposites via Cross-Linking”.  Journal of Colloid and Interface Science, 2013, 392, 422-430.",2013-02-15T05:00:00Z,wix:image://v1/0a435d_a0249f2ecac54345b13edf10e884e268~mv2.png/5d0ed7f0-1d4c-47af-b785-621c6a5b260d.png#originWidth=1835&originHeight=886,https://www.sciencedirect.com/science/article/abs/pii/S0021979712011368,/researchpapers/
Thermoresponsive Nanogels for Prolonged Duration Local Anesthesia,8bfd3b26-7509-4b9b-806b-a8465d2f4d24,0a435d40-dcd6-488d-b11f-5d28575ea5b0,2020-07-28T20:11:08Z,2020-08-05T15:01:35Z,"Hoare, T.; Young, S.; Lawlor, M.W.; Kohane, D.S.  “Thermoresponsive Nanogels for Prolonged Duration Local Anesthesia”.  Acta Biomaterialia, 2012, 8, 3596-3605.",2012-10-01T04:00:00Z,wix:image://v1/0a435d_afd75aefdf584a0d9e3a28ca1be949cf~mv2.png/8bfd3b26-7509-4b9b-806b-a8465d2f4d24.png#originWidth=1133&originHeight=531,https://www.sciencedirect.com/science/article/abs/pii/S1742706112002619,/researchpapers/
Semi-Batch Control over Functional Group Distributions in Thermoresponsive Microgels,4be2b7fe-0212-4022-93bf-b9fc02d1a618,0a435d40-dcd6-488d-b11f-5d28575ea5b0,2020-07-28T20:11:08Z,2020-08-05T16:38:09Z,"Sheikholeslami, P.; Ewaschuk, C.M.; Ahmed, S.U.; Greenlay, B.; Hoare, T.  “Semi-Batch Control over Functional Group Distributions in Thermoresponsive Microgels”.  Colloid and Polymer Science 2012, 290, 1181-1192.",2012-04-03T04:00:00Z,wix:image://v1/0a435d_285bdd37b5ae4758a2b3853a285a4c24~mv2.png/4be2b7fe-0212-4022-93bf-b9fc02d1a618.png#originWidth=609&originHeight=400,https://link-springer-com.libaccess.lib.mcmaster.ca/article/10.1007/s00396-012-2642-x,/researchpapers/
"Injectable, Degradable Thermoresponsive Poly(N-isopropylacrylamide) Hydrogels",3f509d86-f956-4d27-9761-87bd75c70144,0a435d40-dcd6-488d-b11f-5d28575ea5b0,2020-07-28T20:11:08Z,2020-08-05T16:29:26Z,"Patenaude, M.; Hoare, T.  “Injectable, Degradable Thermoresponsive Poly(N-isopropylacrylamide) Hydrogels”.  ACS Macro Letters, 2012, 1, 409-413.",2012-03-20T04:00:00Z,wix:image://v1/0a435d_a0ea05f091a54a1285e359c9328976b6~mv2.png/3f509d86-f956-4d27-9761-87bd75c70144.png#originWidth=1000&originHeight=419,https://pubs-acs-org.libaccess.lib.mcmaster.ca/doi/full/10.1021/mz200121k,/researchpapers/
"Injectable, Mixed Natural-Synthetic Polymer Hydrogels with Modular Properties",772c667b-c6de-4ee2-9c87-e678d2974ec7,0a435d40-dcd6-488d-b11f-5d28575ea5b0,2020-07-28T20:11:08Z,2020-08-05T16:26:46Z,"Patenaude, M.; Hoare, T.  “Injectable, Mixed Natural-Synthetic Polymer Hydrogels with Modular Properties” viagraindian.com.  Biomacromolecules, 2012, 13, 369-378.",2012-02-13T05:00:00Z,wix:image://v1/0a435d_5987174c22b5456ea04b546e9a2884fd~mv2.png/772c667b-c6de-4ee2-9c87-e678d2974ec7.png#originWidth=1000&originHeight=424,https://pubs-acs-org.libaccess.lib.mcmaster.ca/doi/full/10.1021/bm2013982,/researchpapers/
"Synthesis of Monodisperse, Covalently Cross‐Linked, Degradable “Smart” Microgels Using Microfluidics​",dd6e8015-7137-4d41-8a84-341f33ccb817,0a435d40-dcd6-488d-b11f-5d28575ea5b0,2020-07-28T20:11:08Z,2020-08-05T16:34:02Z,"Kesselman, L.R.B.; Shinwary, S.; Selvaganapathy, P.R.; Hoare T.  “Microfluidic Production of Monodisperse, Covalently-Crosslinked, Degradable ‘Smart’ Microgels”.  Small, 2012, 8, 1092-1098",2012-02-22T05:00:00Z,wix:image://v1/0a435d_46f5a2a40e5e42f298e1cc020b329405~mv2.png/dd6e8015-7137-4d41-8a84-341f33ccb817.png#originWidth=624&originHeight=616,https://onlinelibrary-wiley-com.libaccess.lib.mcmaster.ca/doi/full/10.1002/smll.201102113,/researchpapers/
Nanogel Scavengers for Drugs: Local Anesthetic Uptake by Thermoresponsive Nanogels,907a6519-24d9-4ad0-8367-7a553d453c41,0a435d40-dcd6-488d-b11f-5d28575ea5b0,2020-07-28T20:11:08Z,2020-08-05T16:28:20Z,"Hoare, T.; Sivakumaran, D.; Stefanescu, C.; Lawlor, M.W.; Kohane, D.S. “Nanogel Scavengers for Drugs: Local Anesthetic Uptake by Thermoresponsive Nanogels”.  Acta Biomaterialia, 2012, 8, 1450-1458.",2012-04-01T04:00:00Z,wix:image://v1/0a435d_176aa66c9ccd45daab06c62172fe9cb1~mv2.png/907a6519-24d9-4ad0-8367-7a553d453c41.png#originWidth=994&originHeight=531,https://www.sciencedirect.com/science/article/abs/pii/S1742706111005642,/researchpapers/
Macroscopic Microgel Networks,c7dd2d98-9bc6-4047-8252-74c1e0a09251,0a435d40-dcd6-488d-b11f-5d28575ea5b0,2020-07-28T20:11:08Z,2020-08-05T16:25:57Z,"Book Chapter: 2.  Hoare, T.  “Macroscopic Microgel Networks” in Hydrogel Micro- and Nanoparticles, L.A. Lyon and M.A. Serpe, Editors.  John Wiley and Sons, 2012.",2012-09-24T04:00:00Z,wix:image://v1/0a435d_3e3418f3be29405783741ba5338cf64a~mv2.png/c7dd2d98-9bc6-4047-8252-74c1e0a09251.png#originWidth=601&originHeight=370,https://books.google.ca/books?id=WpbYEvny1EoC&lpg=PA1958&dq=Hydrogel%20Micro-%20and%20Nanoparticles%2C%20L.A.%20Lyon%20and%20M.A.%20Serpe%2C%20Editors.%20%20John%20Wiley%20and%20Sons%2C%202012.&lr&pg=PA1958#v=onepage&q=Chapter%2012&f=false,/researchpapers/
Injectable Microgel-Hydrogel Composites for Prolonged Small Molecule Drug Delivery,a185880f-ae7a-485a-9172-2226f2e424f5,0a435d40-dcd6-488d-b11f-5d28575ea5b0,2020-07-28T20:11:08Z,2020-08-05T16:39:45Z,"Sivakumaran, D.; Maitland,  D.M.; Hoare, T.  “Injectable Microgel-Hydrogel Composites for Prolonged Small Molecule Drug Delivery”. Biomacromolecules, 2011, 12, 4112-4120.",2011-11-14T05:00:00Z,wix:image://v1/0a435d_438853a4ac644d2d838262672dfca2d3~mv2.png/a185880f-ae7a-485a-9172-2226f2e424f5.png#originWidth=949&originHeight=402,https://pubs-acs-org.libaccess.lib.mcmaster.ca/doi/full/10.1021/bm201170h,/researchpapers/
A Prototype Antifungal Contact Lens,773da2fa-3ada-4256-aa6c-c5e0e6b4f7ba,0a435d40-dcd6-488d-b11f-5d28575ea5b0,2020-07-28T20:11:08Z,2020-08-05T15:02:18Z,"Ciolino, J.B.; Hudson, S.P.; Mobbs, A.N.; Hoare, T.R.; Iwata, N.; Fink, G.; Kohane, D.S.  “A prototype antifungal contact lens”.  Investigative Ophthalmology and Vision Science, 2011, 52, 6286-6291.",2011-08-01T04:00:00Z,wix:image://v1/0a435d_240a4c70c8f84ac3a9be91abaf64f869~mv2.png/773da2fa-3ada-4256-aa6c-c5e0e6b4f7ba.png#originWidth=1512&originHeight=1085,https://iovs.arvojournals.org/article.aspx?articleid=2187419,/researchpapers/
Magnetically-Triggered Nanocomposite Membranes:  a Versatile Platform for Triggered Drug Delivery,0831542b-38d6-4e75-beaa-8dfcb8d2921c,0a435d40-dcd6-488d-b11f-5d28575ea5b0,2020-07-28T20:11:08Z,2020-08-05T16:30:07Z,"Hoare, T.; Timko, B.; Santamaria, J.; Goya, G.F.; Irusta, S.; Lau, S.; Stefanescu, C.; Lin, D.; Langer, R.; Kohane, D.S.  “Magnetically-Triggered Nanocomposite Membranes:  a Versatile Platform for Triggered Drug Delivery”.  Nano Letters, 2011, 11, 1395-1400.",2011-03-09T05:00:00Z,wix:image://v1/0a435d_1311e1eb12624f748c42141c9d7a62e6~mv2.png/0831542b-38d6-4e75-beaa-8dfcb8d2921c.png#originWidth=1650&originHeight=536,https://pubs-acs-org.libaccess.lib.mcmaster.ca/doi/full/10.1021/nl200494t,/researchpapers/
Microgels and Their Synthesis: An Introduction,ca03daac-c473-47db-b0b2-cc703d01d3b1,0a435d40-dcd6-488d-b11f-5d28575ea5b0,2020-07-28T20:11:08Z,2020-08-05T15:02:48Z,"Book Chapter: 1.  Pelton, R.; Hoare, T.  “Microgels and Their Synthesis: An Introduction” in Microgel Suspensions: Fundamentals and Applications.  A. Fernandez-Nieves, H. Wyss, J. Mattsson, and D.A. Weitz, Editors. John Wiley and Sons, 2011.",2011-01-11T05:00:00Z,wix:image://v1/0a435d_5335decdbe1c4a7baaaaac1a14272db3~mv2.png/ca03daac-c473-47db-b0b2-cc703d01d3b1.png#originWidth=408&originHeight=206,https://books.google.ca/books?hl=en&lr=&id=fF9MYVqkEY4C&oi=fnd&pg=PA3&ots=NFtPGGEAtF&sig=kXuNkFLpai_JcghchDlcrGYLCjQ#v=onepage&q&f=false,/researchpapers/
Protein-Based Aqueous−Multiphasic Systems,7e9e9688-d3e5-4624-9f14-d8b150f00985,0a435d40-dcd6-488d-b11f-5d28575ea5b0,2020-07-28T20:11:08Z,2020-08-05T15:04:45Z,"Ge, X.; Hoare, T.; Filipe, C.  “Protein Based Aqueous-Multiphasic Systems”.  Langmuir, 2010, 26, 4087-4094.",2010-03-16T04:00:00Z,wix:image://v1/0a435d_63fbab7d714b48548a354ff67e4c09b8~mv2.png/7e9e9688-d3e5-4624-9f14-d8b150f00985.png#originWidth=877&originHeight=425,https://pubs-acs-org.libaccess.lib.mcmaster.ca/doi/abs/10.1021/la9045463,/researchpapers/
Rheological blends for drug delivery. I. Characterization in vitro,aed8aa6e-caf0-4b51-af02-d2f255f18d75,0a435d40-dcd6-488d-b11f-5d28575ea5b0,2020-07-28T20:11:08Z,2020-08-05T16:14:20Z,"Hoare, T.; Zurakowski, D.; Langer, R.; Kohane, D.S.  “Rheological blends for drug delivery. I: Characterization in vitro” Journal of Biomedical Materials Research A, 2010, 92A, 575-585.",2009-02-20T05:00:00Z,wix:image://v1/0a435d_5872a299781049de8acebdd1cfd4fd2c~mv2.png/aed8aa6e-caf0-4b51-af02-d2f255f18d75.png#originWidth=610&originHeight=428,https://onlinelibrary-wiley-com.libaccess.lib.mcmaster.ca/doi/full/10.1002/jbm.a.32392,/researchpapers/
"Rheological blends for drug delivery. II. Prolongation of nerve blockade, biocompatibility, and in vitro–in vivo correlations",30d8f1d6-3114-44dc-9023-cae4336ac1f7,0a435d40-dcd6-488d-b11f-5d28575ea5b0,2020-07-28T20:11:08Z,2020-08-05T16:18:01Z,"Hoare, T.; Bellas, E.; Zurakowski, D.; Kohane, D.S.  “Rheological blends for drug delivery. II: Prolongation of nerve blockade, biocompatibility, and in vivo-in vitro correlations” Journal of Biomedical Materials Research A, 2010, 92A, 586-595.",2009-03-11T04:00:00Z,wix:image://v1/0a435d_d15c37bd270b4f4db261c1acd0409411~mv2.png/30d8f1d6-3114-44dc-9023-cae4336ac1f7.png#originWidth=616&originHeight=535,https://onlinelibrary-wiley-com.libaccess.lib.mcmaster.ca/doi/full/10.1002/jbm.a.32420,/researchpapers/
A Magnetically Triggered Composite Membrane for On-Demand Drug Delivery,a91f6420-bd37-4cf4-aa0d-2f7b5be046a1,0a435d40-dcd6-488d-b11f-5d28575ea5b0,2020-07-28T20:11:08Z,2020-08-05T15:05:20Z,"Hoare, T.; Santamaria, J.; Goya, G.; Irusta, S.; Lau, S.; Lin, D.; Padera, R.; Langer, R.; Kohane, D.S.  “A magnetically-triggered composite membrane for on-demand drug delivery”. Nano Letters, 2009, 9, 3651–3657.",2009-10-14T04:00:00Z,wix:image://v1/0a435d_0c395956500c489d87a0d947b7998117~mv2.png/a91f6420-bd37-4cf4-aa0d-2f7b5be046a1.png#originWidth=1050&originHeight=355,https://pubs-acs-org.libaccess.lib.mcmaster.ca/doi/abs/10.1021/nl9018935,/researchpapers/
Preparation of Monodisperse Biodegradable Polymer Microparticles Using a Microfluidic Flow-focusing Device for Controlled Drug Delivery,3b14eb2d-5b85-4e91-b82f-ef30e417f608,0a435d40-dcd6-488d-b11f-5d28575ea5b0,2020-07-28T20:11:08Z,2020-08-05T16:16:26Z,"Xu, Q.; Hashimoto, M.; Dang, T.T.; Hoare, T.; Kohane, D.S.; Whitesides, G.M.; Langer, R.; Anderson, D.G.  “Preparation of Monodisperse Drug-loaded Polymer Microparticles Using a Microfluidic Flow-focusing Device”.  Small, 2009, 5, 1575-1581.",2009-06-30T04:00:00Z,wix:image://v1/0a435d_cd20028efb434a4cbc20463cace45ce8~mv2.png/3b14eb2d-5b85-4e91-b82f-ef30e417f608.png#originWidth=633&originHeight=412,https://onlinelibrary.wiley.com/doi/full/10.1002/smll.200801855,/researchpapers/
A Drug-Eluting Contact Lens,5605d544-90eb-4909-96d5-8ebad19f04ea,0a435d40-dcd6-488d-b11f-5d28575ea5b0,2020-07-28T20:11:08Z,2020-08-05T16:32:47Z,"Ciolino, J.B.; Hoare, T.R.; Iwata, N.G.; Behlau, I.; Dohlman, C.H.; Langer, R.; Kohane, D.S.  “A drug-eluting contact lens”. Investigative Ophthalmology and Vision Science, 2009, 50, 3346-3352.",2009-07-01T04:00:00Z,wix:image://v1/0a435d_d4ec6aeec99048a4abd257240791271c~mv2.png/5605d544-90eb-4909-96d5-8ebad19f04ea.png#originWidth=1280&originHeight=386,https://iovs.arvojournals.org/article.aspx?articleid=2165055,/researchpapers/
Characterizing charge and Crosslinker Distributions in Polyelectrolyte Microgels,417bd843-1ebd-4d69-97a2-8883be08495a,0a435d40-dcd6-488d-b11f-5d28575ea5b0,2020-07-28T20:11:08Z,2020-08-05T15:06:07Z,"Hoare, T.; Pelton, R.  “Characterizing Charge and Crosslinker Distributions in Polyelectrolyte Microgels”.  Current Opinion in Colloid and Interface Science, 2008, 13, 413-428.",2008-12-01T05:00:00Z,wix:image://v1/0a435d_3f8c518515994d95a05c81335e5d70cf~mv2.png/417bd843-1ebd-4d69-97a2-8883be08495a.png#originWidth=667&originHeight=505,https://www-sciencedirect-com.libaccess.lib.mcmaster.ca/science/article/pii/S1359029408000393,/researchpapers/
Hydrogels in drug delivery: Progress and challenges,5fd04e9f-a0f6-4c1a-bed6-02aaa711c4d0,0a435d40-dcd6-488d-b11f-5d28575ea5b0,2020-07-28T20:11:08Z,2020-08-05T15:07:46Z,"Hoare, T.R.; Kohane, D.S.  “Hydrogels in Drug Delivery: Progress and Challenges”.  Polymer, 2008, 49, 1993-2007.",2008-04-15T04:00:00Z,wix:image://v1/0a435d_234f3612553a41dcb52eb018bcd057c7~mv2.png/5fd04e9f-a0f6-4c1a-bed6-02aaa711c4d0.png#originWidth=583&originHeight=161,https://www-sciencedirect-com.libaccess.lib.mcmaster.ca/science/article/pii/S0032386108000487,/researchpapers/
"Charge-Switching, Amphoteric Glucose-Responsive Microgels with Physiological Swelling Activity",871ec6a1-8603-4bd8-bb49-1bc78afeb040,0a435d40-dcd6-488d-b11f-5d28575ea5b0,2020-07-28T20:11:08Z,2020-08-05T16:20:12Z,"Hoare, T.; Pelton, R.  “Charge-Switching, Amphoteric Glucose-Responsive Microgels with Physiological Swelling Activity”.  Biomacromolecules, 2008, 9, 733-740.",2008-02-01T05:00:00Z,wix:image://v1/0a435d_398045a73137404da04ecf98d93bae45~mv2.png/871ec6a1-8603-4bd8-bb49-1bc78afeb040.png#originWidth=1050&originHeight=286,https://pubs-acs-org.libaccess.lib.mcmaster.ca/doi/full/10.1021/bm701203r,/researchpapers/
Impact of Microgel Morphology on Functionalized Microgel−Drug Interactions,66cc6ea5-d1ca-48e6-b35c-774449338c9d,0a435d40-dcd6-488d-b11f-5d28575ea5b0,2020-07-28T20:11:08Z,2020-08-05T16:41:16Z,"Hoare, T.; Pelton, R.  “Impact of Microgel Morphologies on Functional Microgel-Drug Interactions”.  Langmuir, 2008, 24, 1005-1012.",2008-02-01T05:00:00Z,wix:image://v1/0a435d_ed70a204a6724f2e8bfc1c3f1a005d03~mv2.png/66cc6ea5-d1ca-48e6-b35c-774449338c9d.png#originWidth=1049&originHeight=317,https://pubs-acs-org.libaccess.lib.mcmaster.ca/doi/full/10.1021/la7024507,/researchpapers/
Functionalized Microgel Swelling:  Comparing Theory and Experiment,0cfa691e-25b0-4e8b-9214-2af853dc6a87,0a435d40-dcd6-488d-b11f-5d28575ea5b0,2020-07-28T20:11:08Z,2020-08-05T15:08:02Z,"Hoare, T.; Pelton, R.  “Functionalized Microgel Swelling: Comparing Theory and Experiment”.  Journal of Physical Chemistry B, 2007, 111, 11895-11906.",2007-10-01T04:00:00Z,wix:image://v1/0a435d_7da979d856c54b598e5034776ad36a4c~mv2.png/0cfa691e-25b0-4e8b-9214-2af853dc6a87.png#originWidth=502&originHeight=351,https://pubs-acs-org.libaccess.lib.mcmaster.ca/doi/abs/10.1021/jp072360f,/researchpapers/
Calorimetric Analysis of Thermal Phase Transitions in Functionalized Microgels,99794437-06a3-4120-9104-2e416df184e3,0a435d40-dcd6-488d-b11f-5d28575ea5b0,2020-07-28T20:11:08Z,2020-08-05T15:08:16Z,"Hoare, T.; Pelton, R.  “Calorimetric Analysis of Thermal Phase Transitions in Functionalized Microgels”. Journal of Physical Chemistry B, 2007, 111, 1334-1342.",2007-02-01T05:00:00Z,wix:image://v1/0a435d_1bb523a972144bfe9dccd8fff921d849~mv2.png/99794437-06a3-4120-9104-2e416df184e3.png#originWidth=687&originHeight=197,https://pubs-acs-org.libaccess.lib.mcmaster.ca/doi/abs/10.1021/jp066916v,/researchpapers/
Engineering Glucose Swelling Responses in Poly(N-isopropylacrylamide)-Based Microgels,29635aaf-0fdd-436e-a8c3-ad55a536b56a,0a435d40-dcd6-488d-b11f-5d28575ea5b0,2020-07-28T20:11:08Z,2020-08-05T15:39:28Z,"Hoare, T.; Pelton, R.  “Engineering Glucose Swelling Responses in Poly(N-isopropylacrylamide)-Based Microgels”.  Macromolecules, 2007, 40, 670-678.",2007-02-01T05:00:00Z,wix:image://v1/0a435d_81ea6f02faf34a2c9315a73ed223cd89~mv2.png/29635aaf-0fdd-436e-a8c3-ad55a536b56a.png#originWidth=1000&originHeight=326,https://pubs-acs-org.libaccess.lib.mcmaster.ca/doi/full/10.1021/ma062254w,/researchpapers/
Kinetic Prediction of Functional Group Distributions in Thermosensitive Microgels,a16dc6e8-085d-4c25-82fb-a28a05660eee,0a435d40-dcd6-488d-b11f-5d28575ea5b0,2020-07-28T20:11:08Z,2020-08-05T15:09:29Z,"Hoare, T.; McLean, D.  “Kinetic Prediction of Functional Group Distributions in Microgels”.  Journal of Physical Chemistry B, 2006, 110, 20327-20336.",2006-10-01T04:00:00Z,wix:image://v1/0a435d_faefa57017084b97a83e07bfed6e1e9b~mv2.png/a16dc6e8-085d-4c25-82fb-a28a05660eee.png#originWidth=439&originHeight=454,https://pubs-acs-org.libaccess.lib.mcmaster.ca/doi/abs/10.1021/jp0643451,/researchpapers/
Multi‐Component Kinetic Modeling for Controlling Local Compositions in Thermosensitive Polymers,0b2d661e-724c-4066-85f2-63a330c7fbb8,0a435d40-dcd6-488d-b11f-5d28575ea5b0,2020-07-28T20:11:08Z,2020-08-05T16:27:39Z,"Hoare, T.; McLean, D.  “Multi-Component Kinetic Modeling for Controlling Local Compositions in Thermosensitive Polymers”.  Macromolecular Theory and Simulations, 2006, 15, 619-632.",2006-10-12T04:00:00Z,wix:image://v1/0a435d_1144ea1b936c41a6b228beea129038b0~mv2.png/0b2d661e-724c-4066-85f2-63a330c7fbb8.png#originWidth=456&originHeight=428,https://onlinelibrary-wiley-com.libaccess.lib.mcmaster.ca/doi/full/10.1002/mats.200600031,/researchpapers/
Dimensionless plot analysis: A new way to analyze functionalized microgels,7f60eb92-0070-4aab-9329-71d2d19498b8,0a435d40-dcd6-488d-b11f-5d28575ea5b0,2020-07-28T20:11:08Z,2020-08-05T15:09:15Z,"Hoare, T.; Pelton, R.  “Dimensionless Plot Analysis: A New Way to Analyze Functional Group Distributions in Microgels”. Journal of Colloid and Interface Science, 2006, 303, 109-116.",2006-11-01T05:00:00Z,wix:image://v1/0a435d_72112946bc4f46f399536bea4e73a5c6~mv2.png/7f60eb92-0070-4aab-9329-71d2d19498b8.png#originWidth=578&originHeight=473,https://www.sciencedirect.com/science/article/abs/pii/S0021979706006539,/researchpapers/
Titrametric Characterization of pH-Induced Phase Transitions in Functionalized Microgels,987387d2-c9d2-4882-9a69-665676509652,0a435d40-dcd6-488d-b11f-5d28575ea5b0,2020-07-28T20:11:08Z,2020-08-05T15:10:15Z,"Hoare, T.; Pelton, R.  “Titrametric Characterization of pH-Induced Phase Transitions in Functionalized Microgels”. Langmuir, 2006, 22, 7342-7350.",2006-08-01T04:00:00Z,wix:image://v1/0a435d_907d99b97dab42e4bf76a7b164b443a9~mv2.png/987387d2-c9d2-4882-9a69-665676509652.png#originWidth=3800&originHeight=1612,https://pubs-acs-org.libaccess.lib.mcmaster.ca/doi/abs/10.1021/la0608718,/researchpapers/
Electrophoresis of Functionalized Microgels: Morphological Insights,2d6f1923-6eae-4274-913d-7682c44b4959,0a435d40-dcd6-488d-b11f-5d28575ea5b0,2020-07-28T20:11:08Z,2020-08-05T16:42:46Z,"Hoare, T.; Pelton, R.  “Electrophoresis of Functionalized Microgels: Morphological Insights”.  Polymer, 2005, 46, 1139-1150.",2005-02-07T05:00:00Z,wix:image://v1/0a435d_588553fed752485a8ebc4381d5d4270f~mv2.png/2d6f1923-6eae-4274-913d-7682c44b4959.png#originWidth=503&originHeight=336,https://www-sciencedirect-com.libaccess.lib.mcmaster.ca/science/article/pii/S0032386104011620,/researchpapers/
Highly pH and Temperature Responsive Microgels Functionalized with Vinylacetic Acid,66d5653e-50e4-4fd3-97d1-6bbb62f84413,0a435d40-dcd6-488d-b11f-5d28575ea5b0,2020-07-28T20:11:08Z,2020-08-05T15:37:48Z,"Hoare, T.; Pelton, R.  “Highly pH and Temperature-Responsive Microgels Functionalized with Vinylacetic Acid”.  Macromolecules, 2004, 37, 2544-2550.",2004-04-01T05:00:00Z,wix:image://v1/0a435d_1f4dfa8ff0f04488b8d1cd8b804e7526~mv2.png/66d5653e-50e4-4fd3-97d1-6bbb62f84413.png#originWidth=500&originHeight=401,https://pubs-acs-org.libaccess.lib.mcmaster.ca/doi/full/10.1021/ma035658m,/researchpapers/
Functional Group Distributions in Carboxylic Acid Containing Poly(N-isopropylacrylamide) Microgels,60f2608f-f83a-416a-a0fd-95807dcb5617,0a435d40-dcd6-488d-b11f-5d28575ea5b0,2020-07-28T20:11:08Z,2020-08-05T15:10:46Z,"Hoare, T.; Pelton, R.  “Functional Group Distributions in Carboxylic Acid-Containing Poly(N-isopropylacrylamide) Microgels”.  Langmuir, 2004, 20, 2123-2133.",2004-03-01T05:00:00Z,wix:image://v1/0a435d_4058de9dfb104b5ab5ef3ec5c15c3c24~mv2.png/60f2608f-f83a-416a-a0fd-95807dcb5617.png#originWidth=565&originHeight=341,https://pubs-acs-org.libaccess.lib.mcmaster.ca/doi/abs/10.1021/la0351562,/researchpapers/
Low-temperature Fracture in Reactive-ethylene-terpolymer-modified Asphalt Binders,d6c12a15-3636-48ef-a427-bb189f94e7b5,0a435d40-dcd6-488d-b11f-5d28575ea5b0,2020-07-28T20:11:08Z,2020-08-05T15:03:11Z,"Hesp, S.A.M.; Hoare, T.R.; Roy, S.D. “Low-temperature Fracture in Reactive-ethylene-terpolymer modified Asphalt Binders”  International Journal of Pavement Engineering, 2002, 3, 153-159.",2010-10-27T04:00:00Z,wix:image://v1/0a435d_2bbf160e59824d27b2acf8ad2336a47b~mv2.png/d6c12a15-3636-48ef-a427-bb189f94e7b5.png#originWidth=630&originHeight=307,https://www-tandfonline-com.libaccess.lib.mcmaster.ca/doi/abs/10.1080/1029843021000067809,/researchpapers/
Effect of the Filler Particle Size on the Low and High Temperature Performance in Asphalt Mastic and Concrete,c9070737-3f55-4151-94f4-dfc2cf5b56e2,0a435d40-dcd6-488d-b11f-5d28575ea5b0,2020-07-28T20:11:08Z,2020-08-05T20:51:21Z,"Hesp, S.A.M., Smith, B.J. and Hoare, T.R.  “Effect of Filler Particle Size on High and Low Temperature Performance in Asphalt Concrete”.  Journal of the Association of Asphalt Paving Technologists, 2001, 70, 492-508.",2001-03-19T05:00:00Z,wix:image://v1/0a435d_9eb096686c8c44ba91cce5b6c8d78158~mv2.png/c9070737-3f55-4151-94f4-dfc2cf5b56e2.png#originWidth=387&originHeight=345,https://trid.trb.org/view/720138,/researchpapers/
Low-Temperature Fracture Testing of Asphalt Binders: Regular and Modified Systems,de214c0f-2b07-41b7-a447-8965c12f6df5,0a435d40-dcd6-488d-b11f-5d28575ea5b0,2020-07-28T20:11:08Z,2020-08-05T15:11:06Z,"Hoare, T.R.; Hesp, S.A.M.   “Low-Temperature Fracture Testing of Asphalt Binders:  Regular and Modified Systems” Transportation Research Record, 2000, 1728, 36-42.",2000-01-01T05:00:00Z,wix:image://v1/0a435d_0e293fd512444c848664ba85acb6996d~mv2.png/de214c0f-2b07-41b7-a447-8965c12f6df5.png#originWidth=546&originHeight=357,https://journals.sagepub.com/doi/abs/10.3141/1728-06,/researchpapers/
Patterned Cellulose Nanocrystal Aerogel Films with Tunable Dimensions and Morphologies as Ultra-Porous Scaffolds for Cell Culture,00d16167-e2d6-4c26-8d0c-289d27b6a0eb,0a435d40-dcd6-488d-b11f-5d28575ea5b0,2020-07-28T20:11:07Z,2020-08-05T14:52:25Z,"Or, T.; Saem, S.; Esteve, A.; Osorio, D.; De France, K.J.; Vapaavuori, J.; Hoare, T.; Cerf, A.; Cranston, E.D.; Moran-Mirabal, J. ""Patterned Cellulose Nanocrystal Aerogel Films with Tunable Dimensions and Morphologies as Ultra-Porous Scaffolds for Cell Culture"". ACS Applied Nano Materials, 2019, 2, 4169-4179.",2019-07-26T04:00:00Z,wix:image://v1/0a435d_0656670b5af1424bb3237412af701e2f~mv2.png/00d16167-e2d6-4c26-8d0c-289d27b6a0eb.png#originWidth=890&originHeight=556,https://pubs-acs-org.libaccess.lib.mcmaster.ca/doi/abs/10.1021/acsanm.9b00640,/researchpapers/
Tissue Response and Biodistribution of Injectable Cellulose Nanocrystal Composite Hydrogels,af59da65-d0df-4203-af63-829137004272,0a435d40-dcd6-488d-b11f-5d28575ea5b0,2020-07-28T20:11:07Z,2020-08-05T19:10:22Z,"De France, K.J.; Badv, M.; Dorogin, J.; Siebers, E.; Babi, M.; Moran-Mirabal, J.; Lawlor, M.; Cranston, E.D.; Hoare, T. ""Tissue Response and Biodistribution of Injectable Cellulose Nanocrystal Composite Hydrogels"". ACS Biomaterials Science & Engineering, 2019, 5, 2235-2246.",2019-05-13T04:00:00Z,wix:image://v1/0a435d_3841dde0935547a8a3b298edc0324f59~mv2.png/af59da65-d0df-4203-af63-829137004272.png#originWidth=921&originHeight=558,https://pubs-acs-org.libaccess.lib.mcmaster.ca/doi/full/10.1021/acsbiomaterials.9b00522,/researchpapers/
"Nanogels and Microgels: From Model Colloids to Applications, Recent Developments and Future Trends",f23e1278-31a2-4090-b932-a6cc960eff84,0a435d40-dcd6-488d-b11f-5d28575ea5b0,2020-07-28T20:11:07Z,2020-08-05T19:09:52Z,"Karg, M.; Pich, A.; Hellweg, T.; Hoare, T.; Lyon, L.A.; Crassous, J.J.; Suzuki, D.; Gumerov, R.A.; Schneider, S.; Potemkin, I.I.; Richtering, W. ""Nanogels and Microgels: From Model Colloids to Applications, Recent Developments and Future Trends"". Langmuir, 2019, 35, 6231-6255.",2019-05-14T04:00:00Z,wix:image://v1/0a435d_828d9cc4657f47058ea382e338635f1c~mv2.png/f23e1278-31a2-4090-b932-a6cc960eff84.png#originWidth=1000&originHeight=540,https://pubs-acs-org.libaccess.lib.mcmaster.ca/doi/full/10.1021/acs.langmuir.8b04304,/researchpapers/
2.5D Hierarchical Structuring of Nanocomposite Hydrogel Films Containing Cellulose Nanocrystals,46356702-0b4d-4543-932a-fe45bd73792f,0a435d40-dcd6-488d-b11f-5d28575ea5b0,2020-07-28T20:11:07Z,2020-08-05T19:09:19Z,"De France, K.J.; Babi, M.; Vapaavuori, J.; Hoare, T.; Moran-Mirabal, J.; Cranston, E.D. ""2.5D Hierarchical Structuring of Nanocomposite Hydrogel Films Containing Cellulose Nanocrystals"". ACS Applied Materials and Interfaces, 2019, 11, 6325-6335.",2019-02-13T05:00:00Z,wix:image://v1/0a435d_e99b98538be948f696c2de1b45a1907e~mv2.png/46356702-0b4d-4543-932a-fe45bd73792f.png#originWidth=710&originHeight=560,https://pubs-acs-org.libaccess.lib.mcmaster.ca/doi/full/10.1021/acsami.8b16232,/researchpapers/
Injectable Poly(Oligoethylene glycol methacrylate)-Based Hydrogels Fabricated from Highly Branched Precursor Polymers: Controlling Gel Properties by Precursor Polymer Morphology,12a292b0-3fa9-48a2-9c56-60d915affa02,0a435d40-dcd6-488d-b11f-5d28575ea5b0,2020-07-28T20:11:07Z,2020-08-05T19:08:51Z,"Urosev, I.; Dorrington, H.; Muzzin, N.; Alsop, R.; Bakaic, E.; Gilbert, T.; Rheinstadter, M.; Hoare, T. ""Injectable Poly(Oligoethylene glycol methacrylate)-Based Hydrogels Fabricated from Highly Branched Precursor Polymers: Controlling Gel Properties by Precursor Polymer Morphology"". ACS Applied Polymer Materials, 2019, 1, 369-380.",2019-03-08T05:00:00Z,wix:image://v1/0a435d_2f0ccac75ceb46c7a582c6cc2b4ef585~mv2.png/12a292b0-3fa9-48a2-9c56-60d915affa02.png#originWidth=809&originHeight=558,https://pubs-acs-org.libaccess.lib.mcmaster.ca/doi/full/10.1021/acsapm.8b00085,/researchpapers/
Single-Step Reactive Electrospinning of Cell-Loaded Nanofibrous Scaffolds as Ready-to-Use Tissue Patches,81d43c0c-b61a-4aa8-abd5-b9aa33f69a75,0a435d40-dcd6-488d-b11f-5d28575ea5b0,2020-07-28T20:11:07Z,2020-08-05T19:08:08Z,"Xu, F.; Dodd, M.; Sheardown, H.; Hoare, T. ""Single-Step Reactive Electrospinning of Cell-Loaded Nanofibrous Scaffolds as Ready-to-Use Tissue Patches"". Biomacromolecules, 2018, 19, 4182–4192",2018-11-12T05:00:00Z,wix:image://v1/0a435d_d8c33034fb6a4857a14621a2e65dfa1b~mv2.png/81d43c0c-b61a-4aa8-abd5-b9aa33f69a75.png#originWidth=1705&originHeight=463,https://pubs-acs-org.libaccess.lib.mcmaster.ca/doi/full/10.1021/acs.biomac.8b00770,/researchpapers/
Injectable and Degradable Poly(Oligoethylene glycol methacrylate) Hydrogels With Tunable Charge Densities as Adhesive Peptide-Free Cell Scaffolds,f135fe53-e09a-47f9-8771-1434dce34a1b,0a435d40-dcd6-488d-b11f-5d28575ea5b0,2020-07-28T20:11:07Z,2020-08-05T19:07:38Z,"Bakaic, E.; Smeets, N.M.B.; Badv, M.; Dodd, M.; Barrigar, O.; Siebers, E.; Lawlor, M.; Sheardown, H.; Hoare, T. ""Injectable and Degradable Poly(Oligoethylene glycol methacrylate) Hydrogels With Tunable Charge Densities as Adhesive Peptide-Free Cell Scaffolds"". ACS Biomaterials Science & Engineering, 2018, 4, 3713-3725",2018-11-12T05:00:00Z,wix:image://v1/0a435d_919ed8517b334c83803a5bbc5e219ed0~mv2.png/f135fe53-e09a-47f9-8771-1434dce34a1b.png#originWidth=681&originHeight=562,https://pubs-acs-org.libaccess.lib.mcmaster.ca/doi/full/10.1021/acsbiomaterials.7b00397,/researchpapers/
"Narrowly Dispersed, Degradable, and Scalable Poly(oligoethylene glycol methacrylate)-Based Nanogels via Thermal Self-Assembly",68f844f2-143e-4387-837c-3e4605626c9c,0a435d40-dcd6-488d-b11f-5d28575ea5b0,2020-07-28T20:11:07Z,2020-08-05T19:07:05Z,"Simpson, M.J.; Corbett, B.; Arezina, A.; Hoare, T. ""Narrowly Dispersed, Degradable, and Scalable Poly(oligoethylene glycol methacrylate)-Based Nanogels via Thermal Self-Assembly"". Industrial & Engineering Chemistry Research, 2018, 57, 7495-7506.",2018-06-06T04:00:00Z,wix:image://v1/0a435d_ed8ea97c6025459a97e2e36d3b3fbad4~mv2.png/68f844f2-143e-4387-837c-3e4605626c9c.png#originWidth=987&originHeight=523,https://pubs-acs-org.libaccess.lib.mcmaster.ca/doi/full/10.1021/acs.iecr.8b00793,/researchpapers/
Patterning of Structurally Anisotropic Hydrogel Sheets Formed by Cellulose Nanocrystals and Gelatin,2de85222-cb97-43c2-aa2d-cf3168bc4534,0a435d40-dcd6-488d-b11f-5d28575ea5b0,2020-07-28T20:11:07Z,2020-08-05T19:06:32Z,"Prince, E.; Alizadehgiashi, M.; Campbell, M.; Khuu, N.; Albulescu, A.; De France, K.; Ratkov, D.; Li, Y.; Hoare, T.; Kumacheva, E. ""Patterning of Structurally Anisotropic Hydrogel Sheets Formed by Cellulose Nanocrystals and Gelatin"". Biomacromolecules, 2018, 19, 1276-1284.",2018-04-09T04:00:00Z,wix:image://v1/0a435d_2f830a2adda240078ef03d49e8cb8378~mv2.png/2de85222-cb97-43c2-aa2d-cf3168bc4534.png#originWidth=500&originHeight=216,https://pubs-acs-org.libaccess.lib.mcmaster.ca/doi/full/10.1021/acs.biomac.8b00100,/researchpapers/
A Printable Hydrogel Microarray for Drug Screening Avoids False Positives Associated with Promiscuous Aggregating Inhibitors,1365fe18-4b9e-46a4-91a2-6b00f7b7ca5b,0a435d40-dcd6-488d-b11f-5d28575ea5b0,2020-07-28T20:11:07Z,2020-08-05T19:05:55Z,"Mateen, R.; Ali, M.M.; Hoare, T. ""A Printable Hydrogel Microarray for Drug Screening Avoids False Positives Associated with Promiscuous Aggregating Inhibitors"". Nature Communications, 2018, 9, 602.",2018-02-09T05:00:00Z,wix:image://v1/0a435d_0816da77966e42beabeef9ac3f7d3d04~mv2.png/1365fe18-4b9e-46a4-91a2-6b00f7b7ca5b.png#originWidth=1711&originHeight=2105,https://www-nature-com.libaccess.lib.mcmaster.ca/articles/s41467-018-02956-z,/researchpapers/
"Fabricating Degradable Thermoresponsive Hydrogels on Multiple Length Scales via Reactive Extrusion, Microfluidics, Self-assembly, and Electrospinning",1114ef7f-60b5-41e6-99bb-4611cd72d272,0a435d40-dcd6-488d-b11f-5d28575ea5b0,2020-07-28T20:11:07Z,2020-08-05T19:05:01Z,"Sivakumaran, D.; Bakaic, E.; Campbell, S.B.; Xu, F.; Mueller, E. Hoare, T. "" Fabricating Degradable Thermoresponsive Hydrogels on Multiple Length Scales via Reactive Extrusion, Microfluidics, Self-assembly, and Electrospinning"". Journal of Visualized Experiments, 2018, 134, e54502.",2018-04-16T04:00:00Z,wix:image://v1/0a435d_6ea09ade62c84c2aacc4bc4c0424d131~mv2.png/1114ef7f-60b5-41e6-99bb-4611cd72d272.png#originWidth=500&originHeight=333,https://www.jove.com/t/54502/fabricating-degradable-thermoresponsive-hydrogels-on-multiple-length,/researchpapers/
Autonomously Self-Healing Hydrogels as Building Blocks for Additive Manufacturing,24ff513b-d893-4e20-849a-1cc3caed305f,0a435d40-dcd6-488d-b11f-5d28575ea5b0,2020-07-28T20:11:07Z,2020-08-05T19:02:45Z,"Deng, X.; Attalla, R.; Sadowski, L.P.; Chen, M.; Majcher, M.J.; Urosev, I.; Yin, D.-C.; Selvaganapathy, P.R.; Filipe, C.D.M.; Hoare, T. ""Autonomously Self-Healing Hydrogels as Building Blocks for Additive Manufacturing"". Biomacromolecules, 2018, 19, 62-70.",2018-01-08T05:00:00Z,wix:image://v1/0a435d_82b891331a7944c9af27224afc86457d~mv2.png/24ff513b-d893-4e20-849a-1cc3caed305f.png#originWidth=605&originHeight=511,https://pubs-acs-org.libaccess.lib.mcmaster.ca/doi/full/10.1021/acs.biomac.7b01243,/researchpapers/
"Structured Macroporous Hydrogels: Progress, Challenges, and Opportunities",d60e9123-6e69-4a32-9e51-d84565c8e1ac,0a435d40-dcd6-488d-b11f-5d28575ea5b0,2020-07-28T20:11:07Z,2020-08-05T19:01:00Z,"De France, K.J.; Xu, F.; Hoare, T. ""Structured Macroporous Hydrogels: Progress, Challenges, and Opportunities"". Advanced Healthcare Materials, 2018, 7, 1700927.",2017-12-01T05:00:00Z,wix:image://v1/0a435d_65be4ae6ec694df2b7174f22b57e0c6f~mv2.png/d60e9123-6e69-4a32-9e51-d84565c8e1ac.png#originWidth=1167&originHeight=1084,https://onlinelibrary-wiley-com.libaccess.lib.mcmaster.ca/doi/full/10.1002/adhm.201700927,/researchpapers/
Dynamically-Crosslinked Self-Assembled Thermoresponsive Microgels with Homogeneous Internal Structures,235e9785-fe68-457a-8d6d-8c3915b2ecdf,0a435d40-dcd6-488d-b11f-5d28575ea5b0,2020-07-28T20:11:07Z,2020-08-05T19:00:21Z,"Mueller, E.; Alsop, R.J.; Scotti, A.; Bleuel, M.; Rheinstadter, M.C.; Richtering, W.; Hoare, T. ""Dynamically-Crosslinked Self-Assembled Thermoresponsive Microgels with Homogeneous Internal Structures"". Langmuir, 2018, 34, 1601-1612.",2018-01-30T05:00:00Z,wix:image://v1/0a435d_240d963debbc4492a1633989ee6e264d~mv2.png/235e9785-fe68-457a-8d6d-8c3915b2ecdf.png#originWidth=1616&originHeight=562,https://pubs-acs-org.libaccess.lib.mcmaster.ca/doi/full/10.1021/acs.langmuir.7b03664,/researchpapers/
Microfluidic Production of Degradable Thermoresponsive Poly(N-isopropylacrylamide)-Based Microgels,434676db-96a4-44b8-959e-524d772150ae,0a435d40-dcd6-488d-b11f-5d28575ea5b0,2020-07-28T20:11:07Z,2020-08-05T18:59:50Z,"Sivakumaran, D.; Mueller, E.; Hoare, T. ""Microfluidic Production of Degradable Thermoresponsive Poly(N-isopropylacrylamide)-Based Microgels"".Soft Matter, 2017, 13, 9060-9070.",2017-12-21T05:00:00Z,wix:image://v1/0a435d_02ba3bba89f046999e1afb00a4d95396~mv2.png/434676db-96a4-44b8-959e-524d772150ae.png#originWidth=274&originHeight=189,https://pubs.rsc.org/en/content/articlelanding/2017/sm/c7sm01361b/unauth#!divAbstract,/researchpapers/
Nanostructure of Fully Injectable Hydrazone-Thiosuccinimide Interpenetrating Polymer Network Hydrogels Assessed by Small-Angle Neutron Scattering and dSTORM Single-Molecule Fluorescence Microscopy,71d421ea-1736-46fc-af26-ebc775012991,0a435d40-dcd6-488d-b11f-5d28575ea5b0,2020-07-28T20:11:07Z,2020-08-05T18:59:16Z,"Gilbert, T.W.; Alsop, R.J.; Babi, M.; Moran-Mirabal, J.; Rheinstadter, M.C., Hoare, T. ""Nanostructure of Fully Injectable Hydrazone-Thiosuccinimide Interpenetrating Polymer Network Hydrogels Assessed by Small-Angle Neutron Scattering and dSTORM Single-Molecule Fluorescence Microscopy"". ACS Applied Materials and Interfaces, 2017, 9, 42179-42191.",2017-12-06T05:00:00Z,wix:image://v1/0a435d_b08a7b7585714417a01095f7a79e4279~mv2.png/71d421ea-1736-46fc-af26-ebc775012991.png#originWidth=1250&originHeight=528,https://pubs-acs-org.libaccess.lib.mcmaster.ca/doi/full/10.1021/acsami.7b11637,/researchpapers/
Injectable Anisotropic Nanocomposite Hydrogels Direct In Situ Growth and Alignment of Myotubes,784de857-68d8-4304-9ae4-ace17c0877b7,0a435d40-dcd6-488d-b11f-5d28575ea5b0,2020-07-28T20:11:07Z,2020-08-05T18:58:38Z,"De France, K.J.; Yager, K.G.; Chan, K.J.W.; Cranston, E.D., Hoare, T. ""Injectable Anisotropic Nanocomposite Hydrogels Direct In Situ Growth and Alignment of Myotubes"". Nano Letters, 2017, 17, 6487-6495.",2017-10-11T04:00:00Z,wix:image://v1/0a435d_fda011fe32cc46459ca147235e625f68~mv2.png/784de857-68d8-4304-9ae4-ace17c0877b7.png#originWidth=995&originHeight=322,https://pubs-acs-org.libaccess.lib.mcmaster.ca/doi/full/10.1021/acs.nanolett.7b03600,/researchpapers/
pH-Ionizable In situ-Gelling Poly(Oligo ethylene glycol methacrylate)-Based Hydrogels: The Role of Internal Network Structures in Controlling Macroscopic Properties,092f2b55-3d70-4737-a11c-9b3cbc66cbc7,0a435d40-dcd6-488d-b11f-5d28575ea5b0,2020-07-28T20:11:07Z,2020-08-05T18:58:04Z,"Bakaic, E.; Smeets, N.M.B.; Barrigar, O.; Alsop, R.; Rheinstädter. M.C.; Hoare, T. ""pH-Ionizable In situ-Gelling Poly(Oligo ethylene glycol methacrylate)-Based Hydrogels: The Role of Internal Network Structures in Controlling Macroscopic Properties"".  Macromolecules, 2017, 50, 7687–7698.",2017-10-10T04:00:00Z,wix:image://v1/0a435d_207449a481fe416ca677fac9c77e4f89~mv2.png/092f2b55-3d70-4737-a11c-9b3cbc66cbc7.png#originWidth=1266&originHeight=467,https://pubs-acs-org.libaccess.lib.mcmaster.ca/doi/full/10.1021/acs.macromol.7b01505,/researchpapers/
Review of Nanocellulose-Containing Hydrogels and Aerogels,407da57e-253a-4aad-93d5-0e28c936c8c5,0a435d40-dcd6-488d-b11f-5d28575ea5b0,2020-07-28T20:11:07Z,2020-08-05T18:57:34Z,"De France, K.J.; Hoare, T.; Cranston, E.D. ""Review of Nanocellulose-Containing Hydrogels and Aerogels"". Chemistry of Materials, 2017, 29, 4609–4631.",2017-06-13T04:00:00Z,wix:image://v1/0a435d_31741fc9ed7c4d70ada30811e6222bd6~mv2.png/407da57e-253a-4aad-93d5-0e28c936c8c5.png#originWidth=1000&originHeight=459,https://pubs-acs-org.libaccess.lib.mcmaster.ca/doi/full/10.1021/acs.chemmater.7b00531,/researchpapers/
Decellularized Adipose Tissue Microcarriers as a Dynamic Culture Platform for Human Adipose-derived Stem/stromal Cell Expansion,7f57a129-d616-4c03-93d5-ecafd0cfe7df,0a435d40-dcd6-488d-b11f-5d28575ea5b0,2020-07-28T20:11:07Z,2020-08-05T18:56:59Z,"Yu, C.; Kornmuller, A.; Brown, C.; Hoare, T.; Flynn, L.E. ""Decellularized Adipose Tissue Microcarriers as a Dynamic Culture Platform for Human Adipose-derived Stem/stromal Cell Expansion"". Biomaterials, 2017, 120, 66-80.",2017-03-01T05:00:00Z,wix:image://v1/0a435d_9a08c75f68584588b08daf41bf8219a1~mv2.png/7f57a129-d616-4c03-93d5-ecafd0cfe7df.png#originWidth=2213&originHeight=770,https://www-sciencedirect-com.libaccess.lib.mcmaster.ca/science/article/pii/S0142961216307244,/researchpapers/
Intranasal Delivery of Antipsychotic Drugs,b8116b3a-4708-4de6-99e2-5f370f5ea18c,0a435d40-dcd6-488d-b11f-5d28575ea5b0,2020-07-28T20:11:07Z,2020-08-05T18:56:25Z,"Katare, Y.K.; Piazza, J.E.; Bhandari, J.; Daya, R.; Akilan, K.; Simpson, M.J.; Hoare, T.; Mishra, R.K. ""Intranasal Delivery of Antipsychotic Drugs"". Schizophrenia Research, 2017, 184, 2-13.",2017-06-01T04:00:00Z,wix:image://v1/0a435d_eb36d3574e60401da879dc7154920c56~mv2.png/b8116b3a-4708-4de6-99e2-5f370f5ea18c.png#originWidth=2569&originHeight=1929,https://www-sciencedirect-com.libaccess.lib.mcmaster.ca/science/article/pii/S0920996416305205,/researchpapers/
An Injectable Hydrogel Prepared Using a PEG/Vitamin E Copolymer Facilitating Aqueous-Driven Gelation,5617dc51-2806-49a6-a114-43768ac87399,0a435d40-dcd6-488d-b11f-5d28575ea5b0,2020-07-28T20:11:07Z,2020-08-05T18:55:28Z,"Zhang, J.; Muirhead, B.; Dodd, M.; Liu, L.; Mangiacotte, N.; Xu, F.; Hoare, T.; Sheardown, H. ""An Injectable Hydrogel Prepared Using a PEG/Vitamin E Copolymer Facilitating Aqueous-Driven Gelation"". Biomacromolecules, 2016, 17, 3648-3658.",2016-11-14T05:00:00Z,wix:image://v1/0a435d_5dfd945c3c924fa1b6008babb5414661~mv2.png/5617dc51-2806-49a6-a114-43768ac87399.png#originWidth=1000&originHeight=411,https://pubs-acs-org.libaccess.lib.mcmaster.ca/doi/full/10.1021/acs.biomac.6b01148,/researchpapers/
Tuning the Properties of Injectable Poly(Oligoethylene Glycol Methacrylate) Hydrogels by Controlling Precursor Polymer Molecular Weight,c81c6dc6-6663-4b17-a433-b4d229d6dc31,0a435d40-dcd6-488d-b11f-5d28575ea5b0,2020-07-28T20:11:07Z,2020-08-05T18:54:57Z,"Urosev, I.; Bakaic, E.; Alsop, R.J.; Rheinstadter, M.C.; Hoare, T. ""Tuning the Properties of Injectable Poly(Oligoethylene Glycol Methacrylate) Hydrogels by Controlling Precursor Polymer Molecular Weight"". Journal of Materials Chemistry B, 2016, 4, 6541-6551.",2016-10-28T04:00:00Z,wix:image://v1/0a435d_0cb6c3ca9a8f471383f0b3bf6b927219~mv2.png/c81c6dc6-6663-4b17-a433-b4d229d6dc31.png#originWidth=357&originHeight=189,https://pubs.rsc.org/en/content/articlelanding/2016/tb/c6tb02197b/unauth#!divAbstract,/researchpapers/
Nanogels of Methylcellulose Hydrophobized with N-tert-butylacrylamide for Ocular Drug Delivery,78249ad9-ad61-40c0-9a84-dcc56326a31a,0a435d40-dcd6-488d-b11f-5d28575ea5b0,2020-07-28T20:11:07Z,2020-08-05T18:54:18Z,"Jamard, M.; Hoare, T.; Sheardown, H. ""Nanogels of Methylcellulose Hydrophobized with N-tert-butylacrylamide for Ocular Drug Delivery"". Drug Delivery and Translational Research, 2016, 6, 648-659.",2016-11-02T04:00:00Z,wix:image://v1/0a435d_a2ab5930ff0948f2bbd66d1f821eec24~mv2.png/78249ad9-ad61-40c0-9a84-dcc56326a31a.png#originWidth=821&originHeight=339,https://link-springer-com.libaccess.lib.mcmaster.ca/article/10.1007/s13346-016-0337-4,/researchpapers/
’Click’ Chemistry-Tethered Hyaluronic Acid-Based Contact Lens Coatings Improve Lens Wettability and Lower Protein Adsorption,9c8a0254-bbcd-4fa8-b4ff-d382d86eaa0a,0a435d40-dcd6-488d-b11f-5d28575ea5b0,2020-07-28T20:11:07Z,2020-08-05T19:10:51Z,"Deng, X.; Korogiannaki, M.; Rastegari, B.; Zhang, J.; Chen, M.; Fu, Q.; Sheardown, H.; Filipe, C.D.M.; Hoare, T. ""’Click’ Chemistry-Tethered Hyaluronic Acid-Based Contact Lens Coatings Improve Lens Wettability and Lower Protein Adsorption"". ACS Applied Materials and Interfaces, 2016, 8, 22064–22073.",2001-08-31T04:00:00Z,wix:image://v1/0a435d_d99fa08d2d624981806157cab300bb5e~mv2.png/Dashboard.png#originWidth=995&originHeight=537,https://pubs-acs-org.libaccess.lib.mcmaster.ca/doi/full/10.1021/acsami.6b07433,/researchpapers/
Cooperative Ordering and Kinetics of Cellulose Nanocrystal Alignment in a Magnetic Field,59806a28-0d07-4a7f-b7d2-8a512132b183,0a435d40-dcd6-488d-b11f-5d28575ea5b0,2020-07-28T20:11:07Z,2020-08-05T18:51:35Z,"De France, K.J.; Yager, K.G.; Hoare, T.; Cranston, E.D. ""Cooperative Ordering and Kinetics of Cellulose Nanocrystal Alignment in a Magnetic Field"". Langmuir, 2016, 32, 7564-7571.",2016-08-02T04:00:00Z,wix:image://v1/0a435d_0c6522bed17a4416b021822342187f81~mv2.png/59806a28-0d07-4a7f-b7d2-8a512132b183.png#originWidth=1550&originHeight=562,https://pubs-acs-org.libaccess.lib.mcmaster.ca/doi/full/10.1021/acs.langmuir.6b01827,/researchpapers/
Composite Hydrogels with Tunable Anisotropic Morphologies and Mechanical Properties,de6e97d3-894b-4c47-8a31-f58266689a73,0a435d40-dcd6-488d-b11f-5d28575ea5b0,2020-07-28T20:11:07Z,2020-08-05T18:51:05Z,"Chau, M.*; De France, K.*; Kopera, B.; Machado, V.; Rosenfeldt, S.; Reyes, L.; Chan, K.; Forster, S.; Cranston, E.; Hoare, T.; Kumacheva, E. ""Composite Hydrogels with Tunable Anisotropic Morphologies and Mechanical Properties"". Chemistry of Materials, 2016, 28, 3406-3415.",2016-05-24T04:00:00Z,wix:image://v1/0a435d_029fc6b50e7f4d5ba6e8dca67571c181~mv2.png/de6e97d3-894b-4c47-8a31-f58266689a73.png#originWidth=717&originHeight=559,https://pubs-acs-org.libaccess.lib.mcmaster.ca/doi/full/10.1021/acs.chemmater.6b00792,/researchpapers/
Properties of Poly(Ethylene Glycol) Hydrogels Crosslinked via Strain-Promoted Alkyne-Azide Cycloaddition (SPAAC),1eec529d-ca66-4e72-8073-9d5caf4f03b0,0a435d40-dcd6-488d-b11f-5d28575ea5b0,2020-07-28T20:11:07Z,2020-08-05T18:50:28Z,"Hodgson, S.; Bakaic, E.; Stewart, S.A.; Hoare, T.; Adronov, A. ""Properties of Poly(Ethylene Glycol) Hydrogels Crosslinked via Strain-Promoted Alkyne-Azide Cycloaddition (SPAAC)"". Biomacromolecules, 2016, 17, 1093-1100.",2016-03-14T04:00:00Z,wix:image://v1/0a435d_e12656c0aa4a4d18bef070fd2df1122a~mv2.png/1eec529d-ca66-4e72-8073-9d5caf4f03b0.png#originWidth=1000&originHeight=320,https://pubs-acs-org.libaccess.lib.mcmaster.ca/doi/full/10.1021/acs.biomac.5b01711,/researchpapers/
Controlling the Resolution and Duration of Pulsatile Release from Injectable Magnetic ‘Plum-Pudding’ Nanocomposite Hydrogels,d2360cc2-4fba-4355-99e3-b34ee9b85a8b,0a435d40-dcd6-488d-b11f-5d28575ea5b0,2020-07-28T20:11:07Z,2020-08-05T18:49:47Z,"Maitland, D.M.; Campbell, S.B.; Chen, J.; Hoare, T. ""Controlling the Resolution and Duration of Pulsatile Release from Injectable Magnetic ‘Plum-Pudding’ Nanocomposite Hydrogels"". RSC Advances, 2016, 6, 15770-15781.",2016-01-29T05:00:00Z,wix:image://v1/0a435d_9e313970693047f6a5140443d85fe88c~mv2.png/d2360cc2-4fba-4355-99e3-b34ee9b85a8b.png#originWidth=378&originHeight=162,https://pubs.rsc.org/en/content/articlelanding/2016/ra/c6ra01665k/unauth#!divAbstract,/researchpapers/
Enhanced Mechanical Properties in Cellulose Nanocrystal-Poly(Oligo Ethylene Glycol Methacrylate) Injectable Nanocomposite Hydrogels Through Control of Physical and Chemical Cross-linking,e30361c7-1f10-4358-8431-cb7d6d3243b1,0a435d40-dcd6-488d-b11f-5d28575ea5b0,2020-07-28T20:11:07Z,2020-08-05T18:49:05Z,"De France, K.J.; Chan K.J.W.; Cranston, E.D., Hoare, T. ""Enhanced Mechanical Properties in Cellulose Nanocrystal-Poly(Oligo Ethylene Glycol Methacrylate) Injectable Nanocomposite Hydrogels Through Control of Physical and Chemical Cross-linking"". Biomacromolecules, 2016, 17, 649-660.",2016-02-08T05:00:00Z,wix:image://v1/0a435d_763a394e2d8d4be3be7883a4f541bf36~mv2.png/e30361c7-1f10-4358-8431-cb7d6d3243b1.png#originWidth=1000&originHeight=421,https://pubs-acs-org.libaccess.lib.mcmaster.ca/doi/full/10.1021/acs.biomac.5b01598,/researchpapers/
A Highly-sensitive Immunosorbent Assay Based on Biotinylated Graphene Oxide and the Quartz Crystal Microbalance,514bfd57-3afa-4720-b89e-d32959793c4f,0a435d40-dcd6-488d-b11f-5d28575ea5b0,2020-07-28T20:11:07Z,2020-08-05T18:48:27Z,"Deng, X.; Chen, M.; Fu, Q.; Smeets, N.M.B.; Xu, F.; Zhang, Z.; Filipe, C.D.M.; Hoare, T. ""A Highly-sensitive Immunosorbent Assay Based on Biotinylated Graphene Oxide and the Quartz Crystal Microbalance"". ACS Applied Materials and Interfaces, 2016, 8, 1893-1902.",2016-01-27T05:00:00Z,wix:image://v1/0a435d_bd623518e276418580cb6980b661cb4b~mv2.png/514bfd57-3afa-4720-b89e-d32959793c4f.png#originWidth=632&originHeight=546,https://pubs-acs-org.libaccess.lib.mcmaster.ca/doi/full/10.1021/acsami.5b10026,/researchpapers/
Thermal and Spectral Analysis of Novel Amide-Tethered Polymers from Polyallylamine,92a9e9f1-23b3-44e1-a543-132381758644,0a435d40-dcd6-488d-b11f-5d28575ea5b0,2020-07-28T20:11:07Z,2020-08-05T18:47:43Z,"Grenga, P.; Nethercott, M.; Mateo, A.; Patenaude, M.; Hoare, T.; Weliky, D.; Priefer, R. ""Thermal and Spectral Analysis of Novel Amide-Tethered Polymers from Polyallylamine"". Australian Journal of Chemistry, 2016, 69, 458-466.",2015-09-28T04:00:00Z,wix:image://v1/0a435d_5969f7f09f2e4e6893cd1e63ed22e40e~mv2.png/92a9e9f1-23b3-44e1-a543-132381758644.png#originWidth=1087&originHeight=460,https://www.publish.csiro.au/ch/ch15472,/researchpapers/
Reactive Electrospinning of Degradable Poly(oligoethylene glycol methacrylate)-Based Nanofibrous Hydrogel Networks,95985cbd-0e28-4c8b-8ff9-5100d3e97780,0a435d40-dcd6-488d-b11f-5d28575ea5b0,2020-07-28T20:11:07Z,2020-08-05T18:45:40Z,"Xu, F.; Sheardown, H.; Hoare, T. ""Reactive Electrospinning of Degradable Poly(oligoethylene glycol methacrylate)-Based Nanofibrous Hydrogel Networks"". Chemical Communications, 2016, 52, 1451-1454.",2016-01-25T05:00:00Z,wix:image://v1/0a435d_74a9084d629544059ff8e5e951a8d81f~mv2.png/95985cbd-0e28-4c8b-8ff9-5100d3e97780.png#originWidth=378&originHeight=169,https://pubs.rsc.org/en/content/articlelanding/2015/cc/c5cc08053c/unauth#!divAbstract,/researchpapers/
Injectable Interpenetrating Network Hydrogels via Kinetically Orthogonal Reactive Mixing of Functionalized Polymeric Precursors,0c356c2a-5dd3-4d52-a54f-90fda15de8b2,0a435d40-dcd6-488d-b11f-5d28575ea5b0,2020-07-28T20:11:07Z,2020-08-05T18:44:56Z,"Gilbert, T.; Smeets, N.M.B.; Hoare, T.  “Injectable Interpenetrating Network Hydrogels via Kinetically Orthogonal Reactive Mixing of Functionalized Polymeric Precursors”.  ACS Macro Letters, 2015, 4, 1104-1109.",2015-10-20T04:00:00Z,wix:image://v1/0a435d_5b858c04880f497e8800e87f9bcb906b~mv2.png/0c356c2a-5dd3-4d52-a54f-90fda15de8b2.png#originWidth=1000&originHeight=475,https://pubs-acs-org.libaccess.lib.mcmaster.ca/doi/full/10.1021/acsmacrolett.5b00362,/researchpapers/
"Hydrophobically-Modified Poly(vinyl pyrrolidone) as a Physically-Associative, Shear-Responsive Ophthalmic Hydrogel",ea221dc7-57bb-4548-a4dd-e745d893b056,0a435d40-dcd6-488d-b11f-5d28575ea5b0,2020-07-28T20:11:07Z,2020-08-05T18:43:58Z,"Sheikholeslami, P.; Muirhead, B.; Baek, D.S.H.; Wang, H.; Zhao, X.; Sivakumaran, D.; Boyd, S.; Sheardown, H.; Hoare, T.  “Hydrophobically-Modified Poly(vinyl pyrrolidone) as a Physically-Associative, Shear-Responsive Ophthalmic Hydrogel”.  Experimental Eye Research, 2015, 137, 18-31.",2015-08-01T04:00:00Z,wix:image://v1/0a435d_4de3c63778c849818eb7bbf1905c2c36~mv2.png/ea221dc7-57bb-4548-a4dd-e745d893b056.png#originWidth=2213&originHeight=882,https://www-sciencedirect-com.libaccess.lib.mcmaster.ca/science/article/pii/S0014483515001803,/researchpapers/
"Temperature-Induced Assembly of Monodisperse, Covalently Cross-Linked, and Degradable Poly(N-isopropylacrylamide) Microgels Based on Oligomeric Precursors",50fed515-65ec-4882-9383-97dd4ae284c7,0a435d40-dcd6-488d-b11f-5d28575ea5b0,2020-07-28T20:11:07Z,2020-08-05T18:43:06Z,"​Sivakumaran, D.; Mueller, E.; Hoare, T.  “Temperature-Induced Assembly of Monodisperse, Covalently Cross-Linked, and Degradable Poly(N-isopropylacrylamide) Microgels Based on Oligomeric Precursors”.  Langmuir, 2015, 31, 5767-5778.",2015-06-02T04:00:00Z,wix:image://v1/0a435d_6dcf0c4a12914912b62f8ad1764c60f6~mv2.png/50fed515-65ec-4882-9383-97dd4ae284c7.png#originWidth=1250&originHeight=581,https://pubs-acs-org.libaccess.lib.mcmaster.ca/doi/full/10.1021/acs.langmuir.5b01421,/researchpapers/
An Investigation of Scavenger Receptor A-Mediated Leukocyte Binding to Polyanionic and Uncharged Polymer Hydrogels,36f644ef-2c92-4a0c-99c9-915234e1115d,0a435d40-dcd6-488d-b11f-5d28575ea5b0,2020-07-28T20:11:07Z,2020-08-05T18:41:52Z,"Love, R.J.; Patenaude, M.; Bowdish, D.M.E.; Hoare, T.; Jones, K.S.  “An Investigation of Scavenger Receptor A-Mediated Leukocyte Binding to Polyanionic and Uncharged Polymer Hydrogels”.  Journal of Biomedical Materials Research A, 2015, 103, 1605-1612.",2014-08-02T04:00:00Z,wix:image://v1/0a435d_644da583c0ac4d11bd67d6f217caa285~mv2.png/36f644ef-2c92-4a0c-99c9-915234e1115d.png#originWidth=1063&originHeight=1366,https://onlinelibrary-wiley-com.libaccess.lib.mcmaster.ca/doi/full/10.1002/jbm.a.35297,/researchpapers/
Injectable Hydrogels Based on Poly(Ethylene Glycol) and Derivatives as Functional Biomaterials,bd8cdda2-04ab-4d8f-9dd4-9418dccf9a05,0a435d40-dcd6-488d-b11f-5d28575ea5b0,2020-07-28T20:11:07Z,2020-08-05T18:40:56Z,"Bakaic, E.; Smeets, N.M.B.; Hoare, T. “Injectable Hydrogels Based on Poly(Ethylene Glycol) and Derivatives as Functional Biomaterials”.  RSC Advances, 2015, 5, 35469-35486. [invited review]",2015-04-13T04:00:00Z,wix:image://v1/0a435d_fb9753e046f449c59a7c7d15980ea299~mv2.png/bd8cdda2-04ab-4d8f-9dd4-9418dccf9a05.png#originWidth=319&originHeight=189,https://pubs.rsc.org/en/content/articlelanding/2015/ra/c4ra13581d/unauth#!divAbstract,/researchpapers/
"""Off-the-Shelf” Thermoresponsive Hydrogel Design: Tuning Hydrogel Properties by Mixing Precursor Polymers with Different Lower-Critical Solution Temperatures",a2fc2041-6fb4-467e-8254-094db17c2db1,0a435d40-dcd6-488d-b11f-5d28575ea5b0,2020-07-28T20:11:07Z,2020-08-05T18:39:18Z,"Bakaic, E.; Smeets, N.M.B.; Dorrington, H.E.; Hoare, T.  “’Off-the-Shelf” Thermoresponsive Hydrogel Design: Tuning Hydrogel Properties by Mixing Precursor Polymers with Different Lower-Critical Solution Temperatures”.  RSC Advances, 2015, 5, 33364-33376.",2015-04-08T04:00:00Z,wix:image://v1/0a435d_d832307b2f264f53a612526d9f9eb3f1~mv2.png/a2fc2041-6fb4-467e-8254-094db17c2db1.png#originWidth=378&originHeight=179,https://pubs.rsc.org/en/content/articlelanding/2015/ra/c5ra00920k/unauth#!divAbstract,/researchpapers/
Enhanced Pulsatile Drug Release from Injectable Magnetic Hydrogels with Embedded Thermosensitive Microgels,8ccb6b06-3f5d-43d7-b36a-ab8114b266db,0a435d40-dcd6-488d-b11f-5d28575ea5b0,2020-07-28T20:11:07Z,2020-08-05T18:33:26Z,"Campbell, S.B.; Maitland, D.M.; Hoare, T.  “Enhanced Pulsatile Drug Release from Injectable Magnetic Hydrogels with Embedded Thermosensitive Microgels”.  ACS Macro Letters, 2015, 4, 312-316.",2015-03-17T04:00:00Z,wix:image://v1/0a435d_08c67b36b0084dbaa2cda2117a6d0fbf~mv2.png/8ccb6b06-3f5d-43d7-b36a-ab8114b266db.png#originWidth=942&originHeight=445,https://pubs-acs-org.libaccess.lib.mcmaster.ca/doi/full/10.1021/acsmacrolett.5b00057,/researchpapers/
The Use of a Novel Intranasal Spray Device for the Administration of Nanoparticles for the Treatment of Rodents,39919543-3c50-4db9-9afb-f23774e3dddb,0a435d40-dcd6-488d-b11f-5d28575ea5b0,2020-07-28T20:11:07Z,2020-08-05T18:32:19Z,"Piazza, J.E.; Zhu, C.; Selvaganapathy, P.R.; Hoare, T.; Jain, S.B.; Hossain, F.; Mishra, R.K.  “The Use of a Novel Intranasal Spray Device for the Administration of Nanoparticles for the Treatment of Rodents”.  Journal of Medical Devices, 2015, 9, 041001.",2015-12-01T05:00:00Z,wix:image://v1/0a435d_68d0ecca1fcc4e7eba678a03945a7c2f~mv2.png/39919543-3c50-4db9-9afb-f23774e3dddb.png#originWidth=502&originHeight=366,https://asmedigitalcollection.asme.org/medicaldevices/article-abstract/9/4/041001/376773/A-Novel-Intranasal-Spray-Device-for-the?redirectedFrom=fulltext,/researchpapers/
Transmission behavior of pNIPAM microgel particles through porous membranes,1f578ab2-da01-4f42-a501-59431aecd44a,0a435d40-dcd6-488d-b11f-5d28575ea5b0,2020-07-28T20:11:07Z,2020-08-05T18:30:12Z,"Pan, S.; Tzoc Torres, J.M.G.; Hoare, T.; Ghosh, R. ""Transmission behavior of pNIPAM microgel particles through porous membranes"".  Journal of Membrane Science, 2015, 479, 141-147.",2015-04-01T04:00:00Z,wix:image://v1/0a435d_edbb532dfef2471bad19ae46ae77f253~mv2.png/1f578ab2-da01-4f42-a501-59431aecd44a.png#originWidth=2250&originHeight=1083,https://www-sciencedirect-com.libaccess.lib.mcmaster.ca/science/article/pii/S0376738815000502,/researchpapers/
"Toward “Reality-Based” Integrative Laboratories in Chemical Engineering: Introducing Real-Time, Hands-On Troubleshooting",ce51b053-f59a-4de3-a556-266c99b68975,0a435d40-dcd6-488d-b11f-5d28575ea5b0,2020-07-28T20:11:07Z,2020-08-05T18:22:47Z,"Hoare, T.  “Toward “Reality-Based” Integrative Laboratories in Chemical Engineering: Introducing Real-Time, Hands-On Troubleshooting”.  Chemical Engineering Education, 2015, 49, 118-126",2015-05-04T04:00:00Z,wix:image://v1/0a435d_ad10580b989b4e689c99ab1a1f53df57~mv2.png/ce51b053-f59a-4de3-a556-266c99b68975.png#originWidth=947&originHeight=501,https://journals.flvc.org/cee/article/view/84549,/researchpapers/
Poly(oligoethylene glycol methacrylate) dip-coating: turning cellulose paper into a protein-repellent platform for biosensors,ff5db078-baa5-457f-8a1e-f1662873d895,0a435d40-dcd6-488d-b11f-5d28575ea5b0,2020-07-28T20:11:07Z,2020-08-05T18:21:03Z,"Deng. X.; Smeets, N.M.B.; Sicard, C.; Wang, J.; Brennan, J.D.; Filipe, C.D.M.; Hoare, T.  “Poly(oligoethylene glycol methacrylate) dip-coating: turning cellulose paper into a protein-repellent platform for biosensors”.  Journal of the American Chemical Society, 2014, 136, 12852-12855.",2014-09-17T04:00:00Z,wix:image://v1/0a435d_8568fd5be555426688697953cb845caa~mv2.png/ff5db078-baa5-457f-8a1e-f1662873d895.png#originWidth=1000&originHeight=512,https://pubs-acs-org.libaccess.lib.mcmaster.ca/doi/full/10.1021/ja507372v,/researchpapers/
Injectable hydrogels with in situ-forming hydrophobic domains: Oligo(DL-lactide) modified poly(oligoethylene glycol methcrylate) hydrogels,5b5f5a20-a55e-4285-9de6-aec841659c19,0a435d40-dcd6-488d-b11f-5d28575ea5b0,2020-07-28T20:11:07Z,2020-08-05T18:20:20Z,"Smeets, N.M.B., Patenaude, M.; Kinio, D.; Yavitt, F.M.; Bakaic, E.; Yang, F.-C.; Rheinstadter, M.; Hoare, T. “Injectable hydrogels with in situ-forming hydrophobic domains: Oligo(DL-lactide) modified poly(oligoethylene glycol methcrylate) hydrogels”.  Polymer Chemistry, 2014, 5, 6811-6823.",2014-12-07T05:00:00Z,wix:image://v1/0a435d_52a5d9775e2147dd94fec281a99ae208~mv2.png/5b5f5a20-a55e-4285-9de6-aec841659c19.png#originWidth=979&originHeight=660,https://pubs-rsc-org.libaccess.lib.mcmaster.ca/--/content/articlehtml/2014/py/c4py00810c?page=search,/researchpapers/
Probing the Internal Morphology of Injectable Poly(oligoethylene glycol methacrylate) Hydrogels by Light and Small-Angle Neutron Scattering,13c0f2c8-20fe-4a44-834b-eeb9b3f1daa6,0a435d40-dcd6-488d-b11f-5d28575ea5b0,2020-07-28T20:11:07Z,2020-08-05T18:14:14Z,"Smeets, N.M.B.; Bakaic, E.; Yavitt, F.M., Yang, F.-C., Rheinstadter, M.C., Hoare, T.  “Probing the Internal Morphology of Injectable Poly(oligoethylene glycol methacrylate) Hydrogels by Light and Small-Angle Neutron Scattering”.  Macromolecules, 2014, 47, 6017-6027.",2014-09-09T04:00:00Z,wix:image://v1/0a435d_bac2c9585b4b4604b005861e1ebb382e~mv2.png/13c0f2c8-20fe-4a44-834b-eeb9b3f1daa6.png#originWidth=1000&originHeight=463,https://pubs-acs-org.libaccess.lib.mcmaster.ca/doi/full/10.1021/ma5011827,/researchpapers/
Carboxymethyl and Hydrazide Functionalized β-Cyclodextrin Derivatives: A Systematic Investigation of Complexation Behaviors with the Model Hydrophobic Drug Dexamethasone,a9befa67-35be-4830-a086-29adab69c798,0a435d40-dcd6-488d-b11f-5d28575ea5b0,2020-07-28T20:11:07Z,2020-08-05T18:13:20Z,"Mateen, R.; Hoare, T.  “Carboxymethyl and Hydrazide Functionalized β-Cyclodextrin Derivatives: A Systematic Investigation of Complexation Behaviors with the Model Hydrophobic Drug Dexamethasone”.  International Journal of Pharmaceutics, 2014, 472, 315-326.",2014-09-10T04:00:00Z,wix:image://v1/0a435d_9343040b722142249127ded601188851~mv2.png/a9befa67-35be-4830-a086-29adab69c798.png#originWidth=2213&originHeight=611,https://www-sciencedirect-com.libaccess.lib.mcmaster.ca/science/article/pii/S037851731400475X,/researchpapers/
"Injectable, in-situ gelling, cyclodextrin-dextran hydrogels for the partitioning-driven release of hydrophobic drugs",b4165674-4f79-40bb-8802-c0ff7d0ce0b5,0a435d40-dcd6-488d-b11f-5d28575ea5b0,2020-07-28T20:11:07Z,2020-08-05T18:12:13Z,"Mateen, R.; Hoare, T.  “Injectable, in-situ gelling, cyclodextrin-dextran hydrogels for the partitioning-driven release of hydrophobic drugs”.  Journal of Materials Chemistry B, 2014, 2, 5157-5167",2014-08-28T04:00:00Z,wix:image://v1/0a435d_18bcd91eb420415bb46c4057ba83ad7e~mv2.png/b4165674-4f79-40bb-8802-c0ff7d0ce0b5.png#originWidth=378&originHeight=176,https://pubs.rsc.org/en/content/articlelanding/2014/tb/c4tb00631c/unauth#!divAbstract,/researchpapers/
Injectable Poly(oligoethylene glycol methacrylate)-Based Hydrogels With Tunable Phase Transition Behaviors: Physicochemical and Biological Responses,1ae9f07d-e8da-4e5d-8acb-43a33696df98,0a435d40-dcd6-488d-b11f-5d28575ea5b0,2020-07-28T20:11:07Z,2020-08-05T18:10:18Z,"Smeets, N.M.B.; Bakaic, E.; Patenaude, M.; Hoare, T.  “Injectable Poly(oligoethylene glycol methacrylate)-Based Hydrogels With Tunable Phase Transition Behaviors: Physicochemical and Biological Responses”.  Acta Biomaterialia, 2014, 10, 4143-4155.",2014-10-01T04:00:00Z,wix:image://v1/0a435d_84e943b49b8b4f669f103255df51bd58~mv2.png/1ae9f07d-e8da-4e5d-8acb-43a33696df98.png#originWidth=2115&originHeight=886,https://www.sciencedirect.com/science/article/abs/pii/S1742706114002475,/researchpapers/
Haloperidol-loaded Intranasally-Administered Lectin-Functionalized PEG-PLGA Nanoparticles for the Treatment of Schizophrenia,7ce31806-7c59-41f7-adc1-0e1bb6b22cee,0a435d40-dcd6-488d-b11f-5d28575ea5b0,2020-07-28T20:11:07Z,2020-08-05T18:09:04Z,"Piazza, J.E.; Hoare, T.; Molinaro, L.; Terpstra, K.; Bhandari, J kamagra canada.; Selvaganapathy, P.R.; Gupta, B.; Mishra, R.K.  “Intranasally-Administered Lectin-Functionalized PEG-PLGA Nanoparticles for the Treatment of Schizophrenia”. European Journal of Pharmaceuticals and Biopharmaceuticals, 2014, 87, 30-39.",2014-05-01T04:00:00Z,wix:image://v1/0a435d_d34a236ad203428c8438cd8f42577af7~mv2.png/7ce31806-7c59-41f7-adc1-0e1bb6b22cee.png#originWidth=1418&originHeight=886,https://www.sciencedirect.com/science/article/abs/pii/S0939641114000526,/researchpapers/
Externally-Addressable Smart Drug Delivery Vehicles: Current Technologies and Future Directions,639ffaf2-d23e-406c-a1b8-f29d3c6442f5,0a435d40-dcd6-488d-b11f-5d28575ea5b0,2020-07-28T15:31:31Z,2020-08-05T14:54:38Z,"Said, S.; Campbell, S.B.; Hoare, T. ""Externally-Addressable Smart Drug Delivery Vehicles: Current Technologies and Future Directions"". Chemistry of Materials, 2019, 31, 4971-4989.",2019-07-23T04:00:00Z,wix:image://v1/0a435d_b40290d19a06496bb56795fa24728546~mv2.png/639ffaf2-d23e-406c-a1b8-f29d3c6442f5.png#originWidth=921&originHeight=554,https://pubs-acs-org.libaccess.lib.mcmaster.ca/doi/10.1021/acs.chemmater.9b01798,/researchpapers/
"High-throughput Synthesis, Analysis, and Optimization of Injectable Hydrogels for Protein Delivery",80f9adaa-1a51-498a-9fc6-9e2fb0a04e1d,0a435d40-dcd6-488d-b11f-5d28575ea5b0,2020-07-28T15:21:41Z,2020-08-05T14:51:08Z,"Xu, F.; Corbett, B.; Bell, S.; Zhang, C.; Budi Hartono, M.; Jomeh Farsangi, Z.; MacGregor, J.; Hoare, T. ""High-throughput Synthesis, Analysis, and Optimization of Injectable Hydrogels for Protein Delivery"". Biomacromolecules, 2020, 21, 214-229.",2020-01-13T05:00:00Z,wix:image://v1/0a435d_c752342599c542808b6261adcc738176~mv2.png/80f9adaa-1a51-498a-9fc6-9e2fb0a04e1d.png#originWidth=1000&originHeight=460,https://pubs-acs-org.libaccess.lib.mcmaster.ca/doi/abs/10.1021/acs.biomac.9b01132,/researchpapers/
Mechanically-Reinforced Injectable Hydrogels,7564974a-e37c-4155-994a-2bc99b0ad08f,0a435d40-dcd6-488d-b11f-5d28575ea5b0,2020-07-28T15:20:19Z,2020-08-05T14:45:00Z,"De France, K.J.; Cranston, E.D.; Hoare, T. ""Mechanically-Reinforced Injectable Hydrogels"". ACS Applied Polymer Materials, 2020, 2 (3), 1016-1030.",2020-03-13T04:00:00Z,wix:image://v1/0a435d_efc5b0f28c7d46b1848770bea41b2d58~mv2.png/7564974a-e37c-4155-994a-2bc99b0ad08f.png#originWidth=500&originHeight=315,https://pubs-acs-org.libaccess.lib.mcmaster.ca/doi/abs/10.1021/acsapm.9b00981,/researchpapers/
Nanostructured Degradable Macroporous Hydrogel Scaffolds with Controllable Internal Morphologies via Reactive Electrospinning,6de7ba43-d04b-43e2-bd02-90029c9f7129,0a435d40-dcd6-488d-b11f-5d28575ea5b0,2020-07-28T15:18:01Z,2020-08-05T14:46:28Z,"Xu, F.; Gough, I.; Sheardown, H.; Hoare, T. ""Nanostructured Degradable Macroporous Hydrogel Scaffolds with Controllable Internal Morphologies via Reactive Electrospinning"". Acta Biomaterialia, 2020, 104, 135-146.",2020-03-01T05:00:00Z,wix:image://v1/0a435d_23c25e24e76c40ddb1a5721cc2bd6493~mv2.png/6de7ba43-d04b-43e2-bd02-90029c9f7129.png#originWidth=1333&originHeight=533,https://www.sciencedirect.com/science/article/abs/pii/S1742706119308815,/researchpapers/
Photopolymerized Starch Nanoparticle (SNP) Network Hydrogels,a132dbcf-45c3-45a8-9e37-9acf7f3ca212,0a435d40-dcd6-488d-b11f-5d28575ea5b0,2020-07-28T15:15:15Z,2020-08-05T14:49:24Z,"Majcher, M.J.; McInnis, C.L.; Himbert, S.; Alsop, R.J.; Kinio, D.; Bleuel, M..; Rheinstadter, M.C.; Smeets, N.M.B.; Hoare, T. ""Photopolymerized Starch Nanoparticle (SNP) Network Hydrogels"". Carbohydrate Polymers, 2020, 236, 115998.",2020-02-12T05:00:00Z,wix:image://v1/0a435d_ca8d1822642340bb8cfdf4e4b829e028~mv2.png/a132dbcf-45c3-45a8-9e37-9acf7f3ca212.png#originWidth=3172&originHeight=1515,https://www.sciencedirect.com/science/article/abs/pii/S0144861720301727,/researchpapers/
